name,id_city
-,0
- FORTALEZA,0
---------------,0
------------------------------,0
.,0
..,0
.SÃO PAULO,0
0,0
0,0
0,0
0,0
0,0
0,0
5501900,0
1,0
"10011, USA",
20133 MILANO ITALIA,
20149,
30411213,
4057 BASEL TVA,
46 STOCKHOLM,
6095 - NEW YORK - USA,
75.971.339/0300-11,
75204 USAC - EIN 81 3928684,
"8001, SOUTH AFRICA",
8600155472,
A,
AAAAAA,
AAAAAAAAAA,
AAAAAAAAAAA,
AAAAAAAAAAAA,
AAAAAAAAAAAAA,
AAAAAAAAAAAAAA,
AAAAAAAAAAAAAAAA,
AAAAAAAAAAAAAAAAAA,
ABC,
AFRICA DO SUL,
AGUA VERDE,
AGUAS DE LINDOIA,
ALFENAS,
ALPHAVILLE,
ALTO PINHEIROS,
AMERICA,
AMERICANA,
AMESTERDAM 1071,
AMPARO,
AMPERE,
ANÁPOLIS,
APARECIDA DE GOIANA,
APARECIDA DE GOIANIA,
APUCARANA,
APURANA,
ARACAJU,
ARAÇATUBA,
ARAÇOIABA DA SERRA,
ARARAQUARA,
ARAUCARIA,
ARGENTINA,
ARROIO TRINTA,
ARUJA,
ASSIS,
ATIBAIA,
AUCKLAND,
AVARÁ,
B A,
BAGE,
BAHIA,
BALNEARIO CAMBORIU,
BARÃO GERALDO CAMPINAS,
BARCELONA,
BARRA BONITA,
BARUEIRI,
BARUERI,
BAURERI,
BAURU,
BE,
BELA VISTA,
BELA VISTA DO PARAÍSO,
BELEM,
BELGIE,
BELGUIM,
BELO HOIZONTE,
BELO HORINZONTE,
BELO HORIZANTE,
BELO HORIZONBTE,
BELO HORIZONTE,
BELO HORIZONTES,
BELO HOTIZONTE,
BELOA HOLORIZONTE,
BELORD ROXO,
BENTO GONÇALVES,
BERCELONA,
BERCELONA  SPAIN 08009,
BETIM,
BH,
BHLJJ,
BILAC SAO PAULO,
BIRIGUI,
BLUMENAL,
BLUMENAU,
BOA VISTA,
BOLIVIA,
BOLOGNA ITALIA,
BOM RETIRO,
BOTAFOGO,
BOTELHOS,
BOTUCATU,
BRAGANÇA PAULISTA,
BRAS,
BRASILIA,
BROOKLIN NOVO,
BRUSQUE,
BRUSSEU,
BUENO AIRES,
BUENOS AIRES,
BUENOS AIRES/ARGENTINA,
C,
CA,
CAÇADOR,
CACHOEIRA DO SUL,
CAIEIRAS,
CAJAMAR,
CAJURU,
CALIFORNIA,
CAMAQUA,
CAMBÉ,
CAMPINA DO MONTE ALEGRE,
CAMPINA GRANDE,
CAMPINAS,
CAMPO BOM,
CAMPO GRANDE,
CAMPO MOURAO,
CANOAS,
CAPA,
CAPETOWN 8005 SOUTH AF,
CAPITAL,
CAPIVARI,
CARAPICUIBA,
CARIACICA,
CARUARU,
CAXIAS DO SUL,
CCCCCCCCCCCCCC,
CE,
CEDEX FRANCE,
CENTRA,
CENTRO,
CERQUEIRA CESAR,
CERQUILHO,
CHAPECÓ,
CHILE,
CHINA,
CHIVA,
CIA NORTE,
CIANORTE,
CIDADE ALTA,
CIDADE JARDIM,
COLATINA,
COMMUNE DE HASSI BOUNIF,
CONCHAS,
CONTAGEM,
CONTENDA,
COQUEIROS,
CORDEIRO,
COTIA,
COTIA SP,
COZUMEL R ROO MEXICO,
CP 62500 - RFC UME 651115N48,
CRICIUMA,
CUIABA,
CUPIRA,
CURITIBA,
CURUTIBA,
DB,
DDD,
DDDDDD,
DDDDDDDDDDDD,
DDDDDDDDDDDDDD,
DDDDDDDDDDDDDDDDDDDDD,
DDDDDDDDDDDDDDDDDDDDDD,
DEDE,
DELEGACION BEMITO JUAREZ,
DIADEMA,
DISTR IND MITRE NABHAN,
DISTRITO FEDERAL,
DISTRITO INDUSTRIAL- JUNDIAÍ,
DIVINOPOLIS,
DNGHUANAN GUANGZHOU CHINA,
DOIS IRMÃOS,
DOIS VIZINHOS,
DOURADOS,
DUQUE DE CACHET,
DUQUE DE CAIXAS,
DUQUE DE CAXIAS,
EL SALVADOR,
ELDORADO DO SUL,
EMBÚ,
EMBU DAS ARTES,
ENGLAND SW3 5XX,
EQUADOR,
ERECHIM,
ESPANHA,
ESTADOS UNIDOS,
ESTANCIA VELHA,
ESTEIO,
ESTRALA,
EUROPA,
EUSÉBIO,
FARROUPILHA,
FATURA,
FEIRA DE SANTANA,
FFFFFFFFFFFF,
FFFFFFFFFFFFFFFFFFFFFF,
FLORAI,
FLORIANOPLIS,
FLORIANOPOIS SHOPPING,
FLORIANOPOLIS,
FLORIANOPOLS,
FLORIDA,
FLORIPA,
FORTAÇEZA,
FORTALEZA,
FRANÇA,
FRANCE,
FRANCISCO BELTRÃO,
FROTALEZA,
FTG,
GAMBOA,
GASPAR,
GAVEA,
GAYRETTEPE ISTAMBUL,
"GENEVA, SWITZERLAND",
GERMANY,
GERMANY - HAMBURG,
"GERMANY DE 214 713,535",
GG,
GLORINHA,
GO,
GOIANIA,
GOV VALADARES,
GOVERNADOR CELSO RAMOS,
GR GRECIA,
GRAMADO,
GRAVATAI,
GREAT BRITAIN,
GREAT BRITAIN WC2B,
GRECIA,
GUAÇUI,
GUANGZOU,
GUAPIARA,
GUAPORÉ,
GUARAMIRIM,
GUARAREMA,
GUARATINGETA,
GUARUJÁ,
GUARULHOS,
GUAYAQUUIL / GU,
GURAUJA,
HAMBURG,
HAUPTSRASSE 20,
HOLAND,
HONG KONG,
HORIZONTE,
IBIRA,
IBIRITÉ,
IBIUNA,
IÇARA,
IGREJINHA,
IJUI,
ILHA BELA,
INDAIATUBA,
INGLAND EC1R 4PA,
INGOLSTADT,
IPERÓ,
ITABERAÍ,
ITABUNA,
ITAIM,
ITAIM BIBI,
ITAJAI,
ITALAN,
ITALIA,
ITAMARAJU,
ITAPECERICA DA SERRA,
ITAPECIRICA DA SERRA,
ITAPERI,
ITAPEVI,
ITAPUI,
ITAQUAQUECETUBA,
ITAUNA,
ITU,
ITUPEVA,
ITUPORANGA,
IVOTÍ,
JABOATAO DOS GUARARAPES,
JABOTICABAL,
JACINTO MACHADO,
JACUTINGA,
JAGUARIUNA,
JANDIRA,
JAPAN TOKYO,
JAPERI,
JAPURA,
JARAGUA DO SUL,
JARDIM AMERICA,
JARDINOPOLIS,
JINGUMAE,
JOAO MONLEVADE,
JOAO PESSOA,
JOINVILLE,
JOSE BONIFACIL,
JOSE BONIFACIO,
JP,
JUIZ DE FORA,
JUNDIAÍ,
K,
KK,
KKK,
KKKK,
KOREA JP,
L,
LA VICTORIA,
LAGOA SANTA,
LAGUNA,
LAURO DE FREITAS,
LIMA,
LIMEIRA,
LISBOA,
LLLLLLLLLLLLLLLL,
LONDON,
LONDON - NI 4 PG,
LONDON N7 9 AH,
LONDON UK,
LONDRES,
LONDRINA,
LONDRINHA,
LORENA,
LOS SARGAZOS 385,
LOUVEIRA,
LUGANO,
LUIZ ALVES,
LUZIANIA,
MACAIBA,
MACAPÁ,
MACEIÓ,
MADRI,
MADRID,
MAIRINQUE,
MANAUS,
MANDAGUAÇU,
MANDAGUARI,
MANGABEIRAS,
MARACANAÚ,
MARANGUAPÊ,
MARILIA,
MARINGÁ,
MARIPORÃ,
MASSARANDUBA,
MAUÁ,
MEDELLIN,
"MEDELLIN, COLOMBIA",
MEXICO,
"MEXICO,D.F.C.P.",
MG,
MIAMI,
MILAN,
MILANO - ITALIA,
MILÃO,
MILÃO   ITALY,
MIMATO,
MINAS GERAIS,
"MINATO-KU, TOKYO, JAPAN",
MIRASSOL,
MOEMA,
MOGI DAS CRUZES,
MONTE SIÃO,
MONTE VIDEO URUGUAY 1100,
MONTENEGRO,
MORRO DA FUMAÇA,
MORUMGABA,
MORUNGABA,
MULDE-IDAIAL,
N Y,
NATAL,
NAVEGANTE,
NEE YORK,
NETHERLAND,
NEW Y,
NEW YORK,
NEW YORK USA,
NEW YORK USA  10016,
NEY YORK,
NHO,
NITEROI,
NORTE,
NOSSA SENHORA SOCORRO,
NOVA BRASILIA,
NOVA FRIBURGO,
NOVA HARTZ,
NOVA IGUAÇU,
NOVA LIMA,
NOVA PETROPOLIS,
NOVA TRENTO,
NOVA VENEZA,
NOVA YORK,
NOVO HAMBURGO,
NY,
NY USA,
"NY, USA",
O,
OLD STREET,
OLINDA,
OSAKA 5308222,
OSASCO,
OURINHOS,
PACAJUS,
PACATUBA,
PAGAMENTO DE FORA,
PALHAÇO,
PALMAS,
PARANA,
PARANAVAI,
PARIS,
PARIS FRANÇA,
PAROBÉ,
PARQUE DO IBIRAPUERA,
PASSO FUNDO,
PASSOS,
PEDRO LEOPOLDO,
PÉROLA,
PERU,
PETROPOLIS,
PICADA CAFÉ,
PINDAMONHANGABA,
PINHAIS,
PINHEIROS,
PIRACICABA,
PIRAPORA,
POA,
POMERODE,
PORTO 4200243,
PORTO ALEGRE,
PORTO ALEGREQ,
PORTO VELHO,
PORTUGAL,
PORTUGAL 502868.40.6,
POS,
PP,
PR,
PRADO,
PRATA,
PRESIDENTE LUCENA,
PRESIDENTE PRUDENTE,
PRTO ALEGRE,
QUITO,
R,
R J,
RD STE 406,
RECIFE,
RESENTE,
RIBEIRAO PRETO,
RIO,
RIO BONITO,
RIO BRANCO,
RIO CLARO,
RIO DE  JANEIRO,
RIO DE JANEIRO,
RIO DE JANEIRO/RJ,
RIO DE JANIERO,
RIO DO SOL,
RIO DO SUL,
RIO GRANDE DO SUL,
RIO JANEIRO,
RIO QUENTE,
RJ,
ROLANDIA,
RRR,
RRRRRRRRRR,
RRRRRRRRRRR,
RRRRRRRRRRRRR,
RRRRRRRRRRRRRRRRR,
RRRRRRRRRRRRRRRRRR,
RRRRRRRRRRRRRRRRRRRR,
RRRRRRRRRRRRRRRRRRRRRR,
RRRRRRRRRRRRRRRRRRRRRRRRRRRRRR,
RS,
S,
S B CAMPO,
S J DO CAMPOS,
S J DO RIO PRETO,
S J DOS CAMPOS,
S PPPPPPPPP,
SÃ PAULO,
SA0 PAULO,
SAÃO PAULO,
SALVADOR,
SAN DIEGO - CA USA,
SAN ISDRO,
"SAN ISIDORO, LIMA, PERU",
SAN ISIDRO - LIMA - PERU,
SANDRO ANDRE,
SANTA BARBARA D´OESTE,
SANTA CATARINA,
SANTA CRUZ DO SUL,
SANTA LUZIA,
SANTA ROSA,
SANTANA DA PARNAIBA,
SANTANA DE PARBAIBA,
SANTANA DE PARNAIBA,
SANTANA DE ´PARNAIBA,
SANTANA DO  PARNAIBA,
SANTANA DO PARNAIBA,
SANTANA PARNAIBA,
SANTIAGO,
SANTIAGO - CHILE,
SANTIAGO - CHILLE,
SANTIAGO CHILE,
SANTIAGO- CHILE,
SANTIAGO-CHILE,
SANTIANA,
SANTO AMARO,
SANTO ANDRE,
SANTO ÂNGELO,
SANTOS,
SÃO  PAULO,
SAO APAULO,
SAO APULO,
SÃO AULO,
SAO BENTO BAIXO,
SÃO BENTO DO SUL,
SÃO BERNARDO,
SÃO BERNARDO DO CAMPO,
SAO CAETANO,
SAO CAETANO DO SUL,
SAO CARLOS,
SÃO CATARIANA,
SAO FRANCISCO DE PAULA,
SÃO GONÇALO,
SÃO JOÃO BATISTA,
SÃO JOÃO DA BOA VISTA,
SAO JOAO DO MIRITI,
SAO JOSE,
SAO JOSE DO RIO PRETO,
SAO JOSE DOS CAMPOS,
SAO JOSE DOS PINHAIS,
SAO JOSE RIO PRETO,
SAO LEOPOLDO,
SAO LOURENÇO DA SERRA,
SAO LUIS,
SÃO LUIZ,
SÃO LUIZ DO PARAITINGA,
SAO MANUEL,
SÃO PA ULO,
SÃO PAILO,
SAO PAUL,
SÃO PAULI,
SÃO PAULO,
SAO PAULO O,
SÃO PAULO PAULO,
SAO PAULO SP,
SÃO PAULOA,
SÃO PAULOS,
SÃO PEDRO,
SÃO PULO,
SAO ROQUE,
SAO SEBASTIAO,
SAO ´PAULO,
SAOA PAULO,
SAOP AULO,
SAOPAULO,
SAP,
SAP PAULO,
SAPIRANGA,
SAQUAREMA,
SARANDI,
SATAQ BARBARA D'OESTE,
SAUDADES,
SBC,
SC,
SC DO SUL,
SDDDDDDDDDDDDDDDDDDDDDDDD,
SE1 2NE GB,
SEOUL CITY KOREA,
"SEOUL, KOREA",
SERRA,
SETOR BUENO,
SETOR NOVA SUIUÇA,
SHANGAY CHINA,
SHANGHAI,
SIDNEY,
SINGAPORE,
SJ R PRETO,
SJC,
SJRP,
SOCORRO,
SOMBRIO,
SOROCABA,
SOUTH AFRICA,
SOUTH AFRICA 8001,
SOUTH KOREA,
SP,
SP A,
SP SSSSSSSSSSSS,
SPAIN,
SPAINHA,
SPPP,
SPSPSPPS,
SS,
SSP,
SSS,
SSSS,
SSSSSS,
SSSSSSS,
SSSSSSSSSS,
SSSSSSSSSSSS,
SSSSSSSSSSSSSSS,
SSSSSSSSSSSSSSSS,
SSSSSSSSSSSSSSSSS,
SSSSSSSSSSSSSSSSSSSSSS,
STO DOMINGO,
SUIÇA,
SUMARÉ,
SUMAREZINHO,
SUZANO,
SWEDEN,
SWITZERLAND,
SWIZERLAND- SU,
SYDNEY,
TABOAO,
TABOAO DA SERRA,
TAIWAN,
TATUI,
TAUBATE,
TERESINA,
TERESOPOLIS,
TIETE,
TIJUCAS,
TIMBÓ,
TIO DE JANEIRO,
TOKIO,
TOKIO - JAPAN,
TOKIO JAPAN,
TOKYO,
TOKYO - JAPAN,
TOKYO JAPAN,
"TORONTO, ONTARIO M4W3P7",
TORRES,
TRES COROAS,
TRINDADE,
TUBARAO,
UBATUBA,
UBERABA,
UBERANDIA,
UBERLÂNDIA,
UK COMPANY 8,
UNIVERSITARIO,
USA,
VALINHOS,
VARGEM GRANDE PAULISTA,
VARZEA GRANDE,
VESPAZIANO,
VIANA,
VILA ANDRADE,
VILA OLIMPIA,
VILA VELHA,
VINHEDO,
VITORIA,
VL BAEPENDI,
VL OLIMPIA,
W10 5 JJ - UK,
WC2B S9PQ,
WOODTOCK CAPE TOWN AFRICA,
WWWWWWWWWWWWWW,
WWWWWWWWWWWWWWWWW,
WWWWWWWWWWWWWWWWWW,
WWWWWWWWWWWWWWWWWWWWWWWWWW,
X,
XX,
XXX,
XXXX,
XXXXX,
XXXXXX,
XXXXXXXXXXXX,
XXXXXXXXXXXXX,
YANNIS AM FELDE,
Z,
– SÃO PAULO,